<?xml version="1.0" encoding="UTF-8"?>
<project-private xmlns="http://www.netbeans.org/ns/project-private/1">
    <editor-bookmarks xmlns="http://www.netbeans.org/ns/editor-bookmarks/2" lastBookmarkId="0"/>
    <open-files xmlns="http://www.netbeans.org/ns/projectui-open-files/2">
        <group>
            <file>file:/C:/Users/o12301/Documents/NetBeansProjects/Listas_Enlazadas/src/Clase_10_05/ListaEnlazada.java</file>
            <file>file:/C:/Users/o12301/Documents/NetBeansProjects/Listas_Enlazadas/src/Clase_10_05/Nodo.java</file>
            <file>file:/C:/Users/o12301/Documents/NetBeansProjects/Listas_Enlazadas/src/Clase_10_05/Prueba.java</file>
        </group>
    </open-files>
</project-private>
